{"cameraMode":{"drawMode":0,"name":"Shaded","section":"Shading Mode"},"sceneLighting":false,"audioPlay":false,"sceneViewState":{"m_AlwaysRefresh":false,"showFog":true,"showSkybox":false,"showFlares":true,"showImageEffects":true,"showParticleSystems":true,"showVisualEffectGraphs":true,"m_FxEnabled":true},"in2DMode":false,"pivot":{"x":-0.36318302154541018,"y":1.45180344581604,"z":-3.7634401321411135},"rotation":{"x":-0.009194517508149147,"y":0.9907940030097961,"z":-0.09572191536426544,"w":-0.09542527049779892},"size":6.224949836730957,"orthographic":false}