{"cameraMode":{"drawMode":0,"name":"Shaded","section":"Shading Mode"},"sceneLighting":true,"audioPlay":false,"sceneViewState":{"m_AlwaysRefresh":false,"showFog":true,"showSkybox":true,"showFlares":true,"showImageEffects":true,"showParticleSystems":true,"showVisualEffectGraphs":true,"m_FxEnabled":true},"in2DMode":false,"pivot":{"x":97.97634887695313,"y":137.0069122314453,"z":-617.4520263671875},"rotation":{"x":-0.07008161395788193,"y":0.03770618140697479,"z":0.0026778324972838165,"w":0.9968319535255432},"size":56.22772216796875,"orthographic":false}