{"cameraMode":{"drawMode":0,"name":"Shaded","section":"Shading Mode"},"sceneLighting":true,"audioPlay":false,"sceneViewState":{"m_AlwaysRefresh":false,"showFog":true,"showSkybox":true,"showFlares":true,"showImageEffects":true,"showParticleSystems":true,"showVisualEffectGraphs":true,"m_FxEnabled":true},"in2DMode":false,"pivot":{"x":122.99565887451172,"y":0.5189668536186218,"z":20.019580841064454},"rotation":{"x":0.08418674767017365,"y":0.022733045741915704,"z":-0.0018977875588461757,"w":0.9961720108985901},"size":22.412757873535158,"orthographic":false}